<?xml version="1.0" encoding="UTF-8"?>
<project-private xmlns="http://www.netbeans.org/ns/project-private/1">
    <editor-bookmarks xmlns="http://www.netbeans.org/ns/editor-bookmarks/2" lastBookmarkId="0"/>
    <open-files xmlns="http://www.netbeans.org/ns/projectui-open-files/2">
        <group>
            <file>file:/C:/xampp/htdocs/22RP02850-YITAKUBAYO-Samuel-ITB/src/java/view_cart.java</file>
            <file>file:/C:/xampp/htdocs/22RP02850-YITAKUBAYO-Samuel-ITB/src/java/add_Item.java</file>
            <file>file:/C:/xampp/htdocs/22RP02850-YITAKUBAYO-Samuel-ITB/web/WEB-INF/web.xml</file>
            <file>file:/C:/xampp/htdocs/22RP02850-YITAKUBAYO-Samuel-ITB/web/WEB-INF/clear_cart.html</file>
            <file>file:/C:/xampp/htdocs/22RP02850-YITAKUBAYO-Samuel-ITB/src/java/clear_cart.java</file>
            <file>file:/C:/xampp/htdocs/22RP02850-YITAKUBAYO-Samuel-ITB/web/add-items.html</file>
        </group>
    </open-files>
</project-private>
